{"cameraMode":{"drawMode":0,"name":"Shaded","section":"Shading Mode"},"sceneLighting":true,"audioPlay":false,"sceneViewState":{"m_AlwaysRefresh":false,"showFog":true,"showSkybox":true,"showFlares":true,"showImageEffects":true,"showParticleSystems":true,"showVisualEffectGraphs":true,"m_FxEnabled":true},"in2DMode":false,"pivot":{"x":3.4329452514648439,"y":15.482132911682129,"z":-10.381847381591797},"rotation":{"x":-0.5012157559394836,"y":0.0052000414580106739,"z":-0.0029819353949278595,"w":-0.8653354644775391},"size":0.8851921558380127,"orthographic":false}