{"cameraMode":{"drawMode":0,"name":"Shaded","section":"Shading Mode"},"sceneLighting":true,"audioPlay":false,"sceneViewState":{"m_AlwaysRefresh":false,"showFog":true,"showSkybox":true,"showFlares":true,"showImageEffects":true,"showParticleSystems":true,"showVisualEffectGraphs":true,"m_FxEnabled":true},"in2DMode":false,"pivot":{"x":10.679838180541993,"y":2.299208164215088,"z":-10.663935661315918},"rotation":{"x":0.16472359001636506,"y":0.04025556147098541,"z":-0.006648010574281216,"w":0.9855681657791138},"size":0.7606013417243958,"orthographic":false}