{"cameraMode":{"drawMode":0,"name":"Shaded","section":"Shading Mode"},"sceneLighting":false,"audioPlay":false,"sceneViewState":{"m_AlwaysRefresh":false,"showFog":true,"showSkybox":false,"showFlares":true,"showImageEffects":true,"showParticleSystems":true,"showVisualEffectGraphs":true,"m_FxEnabled":true},"in2DMode":false,"pivot":{"x":-0.18556135892868043,"y":0.2211470752954483,"z":-0.4627704918384552},"rotation":{"x":-0.0013612586772069336,"y":-0.9979050159454346,"z":-0.06234864518046379,"w":0.02156423032283783},"size":1.2247449159622193,"orthographic":false}