{"cameraMode":{"drawMode":0,"name":"Shaded","section":"Shading Mode"},"sceneLighting":false,"audioPlay":false,"sceneViewState":{"m_AlwaysRefresh":false,"showFog":true,"showSkybox":false,"showFlares":true,"showImageEffects":true,"showParticleSystems":true,"showVisualEffectGraphs":true,"m_FxEnabled":true},"in2DMode":false,"pivot":{"x":-0.07934585213661194,"y":0.607550859451294,"z":0.42694973945617678},"rotation":{"x":0.010855092667043209,"y":-0.9822893738746643,"z":0.06019693613052368,"w":0.17753785848617555},"size":1.2247449159622193,"orthographic":false}